-- phpMyAdmin SQL Dump
-- version 5.2.1
-- https://www.phpmyadmin.net/
--
-- Host: 127.0.0.1
-- Generation Time: Nov 14, 2024 at 03:37 AM
-- Server version: 10.4.32-MariaDB
-- PHP Version: 8.0.30

SET SQL_MODE = "NO_AUTO_VALUE_ON_ZERO";
START TRANSACTION;
SET time_zone = "+00:00";


/*!40101 SET @OLD_CHARACTER_SET_CLIENT=@@CHARACTER_SET_CLIENT */;
/*!40101 SET @OLD_CHARACTER_SET_RESULTS=@@CHARACTER_SET_RESULTS */;
/*!40101 SET @OLD_COLLATION_CONNECTION=@@COLLATION_CONNECTION */;
/*!40101 SET NAMES utf8mb4 */;

--
-- Database: `ukk_perpus`
--

-- --------------------------------------------------------

--
-- Table structure for table `buku`
--

CREATE TABLE `buku` (
  `id_buku` int(11) NOT NULL,
  `id_kategori` int(11) DEFAULT NULL,
  `judul` varchar(255) DEFAULT NULL,
  `penulis` varchar(255) DEFAULT NULL,
  `penerbit` varchar(255) DEFAULT NULL,
  `tahun_terbit` varchar(255) DEFAULT NULL
) ENGINE=InnoDB DEFAULT CHARSET=utf8mb4 COLLATE=utf8mb4_general_ci;

--
-- Dumping data for table `buku`
--

INSERT INTO `buku` (`id_buku`, `id_kategori`, `judul`, `penulis`, `penerbit`, `tahun_terbit`) VALUES
(1, 1, 'Naruto Shipuden', 'Masashi Kishimoto', 'Shonen Jump', '2001'),
(2, 3, 'Informatika', 'Ahmad Sanurdin', 'Gramedia', '2001');

-- --------------------------------------------------------

--
-- Table structure for table `kategori`
--

CREATE TABLE `kategori` (
  `id_kategori` int(11) NOT NULL,
  `kategori` varchar(255) DEFAULT NULL
) ENGINE=InnoDB DEFAULT CHARSET=utf8mb4 COLLATE=utf8mb4_general_ci;

--
-- Dumping data for table `kategori`
--

INSERT INTO `kategori` (`id_kategori`, `kategori`) VALUES
(1, 'Komik'),
(2, 'Dongeng'),
(3, 'Buku Belajar');

-- --------------------------------------------------------

--
-- Table structure for table `peminjaman`
--

CREATE TABLE `peminjaman` (
  `id_peminjam` int(11) NOT NULL,
  `id_user` int(11) DEFAULT NULL,
  `id_buku` int(11) DEFAULT NULL,
  `tanggal_peminjaman` date DEFAULT NULL,
  `tanggal_pengembalian` date DEFAULT NULL,
  `tanggal_kembali` date DEFAULT NULL,
  `status_peminjaman` enum('dipinjam','dikembalikan','denda','batal') DEFAULT 'dipinjam',
  `denda` decimal(10,2) DEFAULT 0.00
) ENGINE=InnoDB DEFAULT CHARSET=utf8mb4 COLLATE=utf8mb4_general_ci;

--
-- Dumping data for table `peminjaman`
--

INSERT INTO `peminjaman` (`id_peminjam`, `id_user`, `id_buku`, `tanggal_peminjaman`, `tanggal_pengembalian`, `tanggal_kembali`, `status_peminjaman`, `denda`) VALUES
(9, 3, 1, '2024-11-13', '2024-11-14', '2024-11-30', 'dikembalikan', 16000.00),
(10, 3, 1, '2024-11-13', '2024-11-30', '2024-11-29', 'dikembalikan', 0.00),
(11, 3, 1, '2024-11-13', '2024-11-28', '2024-11-23', 'dikembalikan', 0.00),
(12, 3, 1, '2024-11-13', '2024-11-21', '2025-02-11', 'dikembalikan', 82000.00),
(13, 8, 2, '2024-11-15', '2024-11-22', '2024-11-30', 'dikembalikan', 8000.00),
(14, 8, 2, '2024-11-16', '2024-12-26', '2026-12-17', 'dikembalikan', 7210000.00);

-- --------------------------------------------------------

--
-- Table structure for table `ulasan`
--

CREATE TABLE `ulasan` (
  `id_ulasan` int(11) NOT NULL,
  `id_user` int(11) DEFAULT NULL,
  `id_buku` int(11) DEFAULT NULL,
  `ulasan` text DEFAULT NULL,
  `rating` int(11) DEFAULT NULL
) ENGINE=InnoDB DEFAULT CHARSET=utf8mb4 COLLATE=utf8mb4_general_ci;

-- --------------------------------------------------------

--
-- Table structure for table `user`
--

CREATE TABLE `user` (
  `id_user` int(11) NOT NULL,
  `nama` varchar(255) DEFAULT NULL,
  `username` varchar(255) DEFAULT NULL,
  `password` varchar(255) DEFAULT NULL,
  `email` varchar(255) DEFAULT NULL,
  `alamat` text DEFAULT NULL,
  `no_telepon` varchar(255) DEFAULT NULL,
  `level` enum('admin','petugas','peminjam') DEFAULT NULL
) ENGINE=InnoDB DEFAULT CHARSET=utf8mb4 COLLATE=utf8mb4_general_ci;

--
-- Dumping data for table `user`
--

INSERT INTO `user` (`id_user`, `nama`, `username`, `password`, `email`, `alamat`, `no_telepon`, `level`) VALUES
(2, 'Petugas Perpus', 'petugas', '698d51a19d8a121ce581499d7b701668', 'petugas@gmail.com', 'Japura Lor', '089676547890', 'petugas'),
(3, 'Peminjam', 'peminjam', 'bcbe3365e6ac95ea2c0343a2395834dd', 'peminjam@gmail.com', 'Japura Kidul', '089123456786', 'peminjam'),
(6, 'Swift', 'sof', 'c8837b23ff8aaa8a2dde915473ce0991', 'ngodingsekarepe@gmail.com', 'Cipeujeuh Kulon', '089785343647', 'admin'),
(8, 'Ubaidillah As-syakir', 'bay', '698d51a19d8a121ce581499d7b701668', 'ubed@gmail.com', 'Jepura', '089656783452', 'peminjam');

--
-- Indexes for dumped tables
--

--
-- Indexes for table `buku`
--
ALTER TABLE `buku`
  ADD PRIMARY KEY (`id_buku`),
  ADD KEY `id_kategori` (`id_kategori`);

--
-- Indexes for table `kategori`
--
ALTER TABLE `kategori`
  ADD PRIMARY KEY (`id_kategori`);

--
-- Indexes for table `peminjaman`
--
ALTER TABLE `peminjaman`
  ADD PRIMARY KEY (`id_peminjam`),
  ADD KEY `id_user` (`id_user`);

--
-- Indexes for table `ulasan`
--
ALTER TABLE `ulasan`
  ADD PRIMARY KEY (`id_ulasan`),
  ADD KEY `id_user` (`id_user`),
  ADD KEY `id_buku` (`id_buku`);

--
-- Indexes for table `user`
--
ALTER TABLE `user`
  ADD PRIMARY KEY (`id_user`);

--
-- AUTO_INCREMENT for dumped tables
--

--
-- AUTO_INCREMENT for table `buku`
--
ALTER TABLE `buku`
  MODIFY `id_buku` int(11) NOT NULL AUTO_INCREMENT, AUTO_INCREMENT=3;

--
-- AUTO_INCREMENT for table `kategori`
--
ALTER TABLE `kategori`
  MODIFY `id_kategori` int(11) NOT NULL AUTO_INCREMENT, AUTO_INCREMENT=4;

--
-- AUTO_INCREMENT for table `peminjaman`
--
ALTER TABLE `peminjaman`
  MODIFY `id_peminjam` int(11) NOT NULL AUTO_INCREMENT, AUTO_INCREMENT=15;

--
-- AUTO_INCREMENT for table `ulasan`
--
ALTER TABLE `ulasan`
  MODIFY `id_ulasan` int(11) NOT NULL AUTO_INCREMENT;

--
-- AUTO_INCREMENT for table `user`
--
ALTER TABLE `user`
  MODIFY `id_user` int(11) NOT NULL AUTO_INCREMENT, AUTO_INCREMENT=9;

--
-- Constraints for dumped tables
--

--
-- Constraints for table `buku`
--
ALTER TABLE `buku`
  ADD CONSTRAINT `buku_ibfk_1` FOREIGN KEY (`id_kategori`) REFERENCES `kategori` (`id_kategori`);

--
-- Constraints for table `peminjaman`
--
ALTER TABLE `peminjaman`
  ADD CONSTRAINT `peminjaman_ibfk_1` FOREIGN KEY (`id_user`) REFERENCES `user` (`id_user`);

--
-- Constraints for table `ulasan`
--
ALTER TABLE `ulasan`
  ADD CONSTRAINT `ulasan_ibfk_1` FOREIGN KEY (`id_user`) REFERENCES `user` (`id_user`),
  ADD CONSTRAINT `ulasan_ibfk_2` FOREIGN KEY (`id_buku`) REFERENCES `buku` (`id_buku`);
COMMIT;

/*!40101 SET CHARACTER_SET_CLIENT=@OLD_CHARACTER_SET_CLIENT */;
/*!40101 SET CHARACTER_SET_RESULTS=@OLD_CHARACTER_SET_RESULTS */;
/*!40101 SET COLLATION_CONNECTION=@OLD_COLLATION_CONNECTION */;
